user1@cs291A.com,1
user2@cs291A.com,2
user3@cs291A.com,3
user4@cs291A.com,4
user5@cs291A.com,5
user6@cs291A.com,6
user7@cs291A.com,7
user8@cs291A.com,8
user9@cs291A.com,9
user10@cs291A.com,10
user11@cs291A.com,11
user12@cs291A.com,12
user13@cs291A.com,13
user14@cs291A.com,14
user15@cs291A.com,15
user16@cs291A.com,16
user17@cs291A.com,17
user18@cs291A.com,18
user19@cs291A.com,19
user20@cs291A.com,20
user21@cs291A.com,21
user22@cs291A.com,22
user23@cs291A.com,23
user24@cs291A.com,24
user25@cs291A.com,25
user26@cs291A.com,26
user27@cs291A.com,27
user28@cs291A.com,28
user29@cs291A.com,29
user30@cs291A.com,30
user31@cs291A.com,31
user32@cs291A.com,32
user33@cs291A.com,33
user34@cs291A.com,34
user35@cs291A.com,35
user36@cs291A.com,36
user37@cs291A.com,37
user38@cs291A.com,38
user39@cs291A.com,39
user40@cs291A.com,40
user41@cs291A.com,41
user42@cs291A.com,42
user43@cs291A.com,43
user44@cs291A.com,44
user45@cs291A.com,45
user46@cs291A.com,46
user47@cs291A.com,47
user48@cs291A.com,48
user49@cs291A.com,49
user50@cs291A.com,50
user51@cs291A.com,51
user52@cs291A.com,52
user53@cs291A.com,53
user54@cs291A.com,54
user55@cs291A.com,55
user56@cs291A.com,56
user57@cs291A.com,57
user58@cs291A.com,58
user59@cs291A.com,59
user60@cs291A.com,60
user61@cs291A.com,61
user62@cs291A.com,62
user63@cs291A.com,63
user64@cs291A.com,64
user65@cs291A.com,65
user66@cs291A.com,66
user67@cs291A.com,67
user68@cs291A.com,68
user69@cs291A.com,69
user70@cs291A.com,70
user71@cs291A.com,71
user72@cs291A.com,72
user73@cs291A.com,73
user74@cs291A.com,74
user75@cs291A.com,75
user76@cs291A.com,76
user77@cs291A.com,77
user78@cs291A.com,78
user79@cs291A.com,79
user80@cs291A.com,80
user81@cs291A.com,81
user82@cs291A.com,82
user83@cs291A.com,83
user84@cs291A.com,84
user85@cs291A.com,85
user86@cs291A.com,86
user87@cs291A.com,87
user88@cs291A.com,88
user89@cs291A.com,89
user90@cs291A.com,90
user91@cs291A.com,91
user92@cs291A.com,92
user93@cs291A.com,93
user94@cs291A.com,94
user95@cs291A.com,95
user96@cs291A.com,96
user97@cs291A.com,97
user98@cs291A.com,98
user99@cs291A.com,99
user100@cs291A.com,100
user101@cs291A.com,101
user102@cs291A.com,102
user103@cs291A.com,103
user104@cs291A.com,104
user105@cs291A.com,105
user106@cs291A.com,106
user107@cs291A.com,107
user108@cs291A.com,108
user109@cs291A.com,109
user110@cs291A.com,110
user111@cs291A.com,111
user112@cs291A.com,112
user113@cs291A.com,113
user114@cs291A.com,114
user115@cs291A.com,115
user116@cs291A.com,116
user117@cs291A.com,117
user118@cs291A.com,118
user119@cs291A.com,119
user120@cs291A.com,120
user121@cs291A.com,121
user122@cs291A.com,122
user123@cs291A.com,123
user124@cs291A.com,124
user125@cs291A.com,125
user126@cs291A.com,126
user127@cs291A.com,127
user128@cs291A.com,128
user129@cs291A.com,129
user130@cs291A.com,130
user131@cs291A.com,131
user132@cs291A.com,132
user133@cs291A.com,133
user134@cs291A.com,134
user135@cs291A.com,135
user136@cs291A.com,136
user137@cs291A.com,137
user138@cs291A.com,138
user139@cs291A.com,139
user140@cs291A.com,140
user141@cs291A.com,141
user142@cs291A.com,142
user143@cs291A.com,143
user144@cs291A.com,144
user145@cs291A.com,145
user146@cs291A.com,146
user147@cs291A.com,147
user148@cs291A.com,148
user149@cs291A.com,149
user150@cs291A.com,150
user151@cs291A.com,151
user152@cs291A.com,152
user153@cs291A.com,153
user154@cs291A.com,154
user155@cs291A.com,155
user156@cs291A.com,156
user157@cs291A.com,157
user158@cs291A.com,158
user159@cs291A.com,159
user160@cs291A.com,160
user161@cs291A.com,161
user162@cs291A.com,162
user163@cs291A.com,163
user164@cs291A.com,164
user165@cs291A.com,165
user166@cs291A.com,166
user167@cs291A.com,167
user168@cs291A.com,168
user169@cs291A.com,169
user170@cs291A.com,170
user171@cs291A.com,171
user172@cs291A.com,172
user173@cs291A.com,173
user174@cs291A.com,174
user175@cs291A.com,175
user176@cs291A.com,176
user177@cs291A.com,177
user178@cs291A.com,178
user179@cs291A.com,179
user180@cs291A.com,180
user181@cs291A.com,181
user182@cs291A.com,182
user183@cs291A.com,183
user184@cs291A.com,184
user185@cs291A.com,185
user186@cs291A.com,186
user187@cs291A.com,187
user188@cs291A.com,188
user189@cs291A.com,189
user190@cs291A.com,190
user191@cs291A.com,191
user192@cs291A.com,192
user193@cs291A.com,193
user194@cs291A.com,194
user195@cs291A.com,195
user196@cs291A.com,196
user197@cs291A.com,197
user198@cs291A.com,198
user199@cs291A.com,199
user200@cs291A.com,200
user201@cs291A.com,201
user202@cs291A.com,202
user203@cs291A.com,203
user204@cs291A.com,204
user205@cs291A.com,205
user206@cs291A.com,206
user207@cs291A.com,207
user208@cs291A.com,208
user209@cs291A.com,209
user210@cs291A.com,210
user211@cs291A.com,211
user212@cs291A.com,212
user213@cs291A.com,213
user214@cs291A.com,214
user215@cs291A.com,215
user216@cs291A.com,216
user217@cs291A.com,217
user218@cs291A.com,218
user219@cs291A.com,219
user220@cs291A.com,220
user221@cs291A.com,221
user222@cs291A.com,222
user223@cs291A.com,223
user224@cs291A.com,224
user225@cs291A.com,225
user226@cs291A.com,226
user227@cs291A.com,227
user228@cs291A.com,228
user229@cs291A.com,229
user230@cs291A.com,230
user231@cs291A.com,231
user232@cs291A.com,232
user233@cs291A.com,233
user234@cs291A.com,234
user235@cs291A.com,235
user236@cs291A.com,236
user237@cs291A.com,237
user238@cs291A.com,238
user239@cs291A.com,239
user240@cs291A.com,240
user241@cs291A.com,241
user242@cs291A.com,242
user243@cs291A.com,243
user244@cs291A.com,244
user245@cs291A.com,245
user246@cs291A.com,246
user247@cs291A.com,247
user248@cs291A.com,248
user249@cs291A.com,249
user250@cs291A.com,250
user251@cs291A.com,251
user252@cs291A.com,252
user253@cs291A.com,253
user254@cs291A.com,254
user255@cs291A.com,255
user256@cs291A.com,256
user257@cs291A.com,257
user258@cs291A.com,258
user259@cs291A.com,259
user260@cs291A.com,260
user261@cs291A.com,261
user262@cs291A.com,262
user263@cs291A.com,263
user264@cs291A.com,264
user265@cs291A.com,265
user266@cs291A.com,266
user267@cs291A.com,267
user268@cs291A.com,268
user269@cs291A.com,269
user270@cs291A.com,270
user271@cs291A.com,271
user272@cs291A.com,272
user273@cs291A.com,273
user274@cs291A.com,274
user275@cs291A.com,275
user276@cs291A.com,276
user277@cs291A.com,277
user278@cs291A.com,278
user279@cs291A.com,279
user280@cs291A.com,280
user281@cs291A.com,281
user282@cs291A.com,282
user283@cs291A.com,283
user284@cs291A.com,284
user285@cs291A.com,285
user286@cs291A.com,286
user287@cs291A.com,287
user288@cs291A.com,288
user289@cs291A.com,289
user290@cs291A.com,290
user291@cs291A.com,291
user292@cs291A.com,292
user293@cs291A.com,293
user294@cs291A.com,294
user295@cs291A.com,295
user296@cs291A.com,296
user297@cs291A.com,297
user298@cs291A.com,298
user299@cs291A.com,299
user300@cs291A.com,300
user301@cs291A.com,301
user302@cs291A.com,302
user303@cs291A.com,303
user304@cs291A.com,304
user305@cs291A.com,305
user306@cs291A.com,306
user307@cs291A.com,307
user308@cs291A.com,308
user309@cs291A.com,309
user310@cs291A.com,310
user311@cs291A.com,311
user312@cs291A.com,312
user313@cs291A.com,313
user314@cs291A.com,314
user315@cs291A.com,315
user316@cs291A.com,316
user317@cs291A.com,317
user318@cs291A.com,318
user319@cs291A.com,319
user320@cs291A.com,320
user321@cs291A.com,321
user322@cs291A.com,322
user323@cs291A.com,323
user324@cs291A.com,324
user325@cs291A.com,325
user326@cs291A.com,326
user327@cs291A.com,327
user328@cs291A.com,328
user329@cs291A.com,329
user330@cs291A.com,330
user331@cs291A.com,331
user332@cs291A.com,332
user333@cs291A.com,333
user334@cs291A.com,334
user335@cs291A.com,335
user336@cs291A.com,336
user337@cs291A.com,337
user338@cs291A.com,338
user339@cs291A.com,339
user340@cs291A.com,340
user341@cs291A.com,341
user342@cs291A.com,342
user343@cs291A.com,343
user344@cs291A.com,344
user345@cs291A.com,345
user346@cs291A.com,346
user347@cs291A.com,347
user348@cs291A.com,348
user349@cs291A.com,349
user350@cs291A.com,350
user351@cs291A.com,351
user352@cs291A.com,352
user353@cs291A.com,353
user354@cs291A.com,354
user355@cs291A.com,355
user356@cs291A.com,356
user357@cs291A.com,357
user358@cs291A.com,358
user359@cs291A.com,359
user360@cs291A.com,360
user361@cs291A.com,361
user362@cs291A.com,362
user363@cs291A.com,363
user364@cs291A.com,364
user365@cs291A.com,365
user366@cs291A.com,366
user367@cs291A.com,367
user368@cs291A.com,368
user369@cs291A.com,369
user370@cs291A.com,370
user371@cs291A.com,371
user372@cs291A.com,372
user373@cs291A.com,373
user374@cs291A.com,374
user375@cs291A.com,375
user376@cs291A.com,376
user377@cs291A.com,377
user378@cs291A.com,378
user379@cs291A.com,379
user380@cs291A.com,380
user381@cs291A.com,381
user382@cs291A.com,382
user383@cs291A.com,383
user384@cs291A.com,384
user385@cs291A.com,385
user386@cs291A.com,386
user387@cs291A.com,387
user388@cs291A.com,388
user389@cs291A.com,389
user390@cs291A.com,390
user391@cs291A.com,391
user392@cs291A.com,392
user393@cs291A.com,393
user394@cs291A.com,394
user395@cs291A.com,395
user396@cs291A.com,396
user397@cs291A.com,397
user398@cs291A.com,398
user399@cs291A.com,399
user400@cs291A.com,400
user401@cs291A.com,401
user402@cs291A.com,402
user403@cs291A.com,403
user404@cs291A.com,404
user405@cs291A.com,405
user406@cs291A.com,406
user407@cs291A.com,407
user408@cs291A.com,408
user409@cs291A.com,409
user410@cs291A.com,410
user411@cs291A.com,411
user412@cs291A.com,412
user413@cs291A.com,413
user414@cs291A.com,414
user415@cs291A.com,415
user416@cs291A.com,416
user417@cs291A.com,417
user418@cs291A.com,418
user419@cs291A.com,419
user420@cs291A.com,420
user421@cs291A.com,421
user422@cs291A.com,422
user423@cs291A.com,423
user424@cs291A.com,424
user425@cs291A.com,425
user426@cs291A.com,426
user427@cs291A.com,427
user428@cs291A.com,428
user429@cs291A.com,429
user430@cs291A.com,430
user431@cs291A.com,431
user432@cs291A.com,432
user433@cs291A.com,433
user434@cs291A.com,434
user435@cs291A.com,435
user436@cs291A.com,436
user437@cs291A.com,437
user438@cs291A.com,438
user439@cs291A.com,439
user440@cs291A.com,440
user441@cs291A.com,441
user442@cs291A.com,442
user443@cs291A.com,443
user444@cs291A.com,444
user445@cs291A.com,445
user446@cs291A.com,446
user447@cs291A.com,447
user448@cs291A.com,448
user449@cs291A.com,449
user450@cs291A.com,450
user451@cs291A.com,451
user452@cs291A.com,452
user453@cs291A.com,453
user454@cs291A.com,454
user455@cs291A.com,455
user456@cs291A.com,456
user457@cs291A.com,457
user458@cs291A.com,458
user459@cs291A.com,459
user460@cs291A.com,460
user461@cs291A.com,461
user462@cs291A.com,462
user463@cs291A.com,463
user464@cs291A.com,464
user465@cs291A.com,465
user466@cs291A.com,466
user467@cs291A.com,467
user468@cs291A.com,468
user469@cs291A.com,469
user470@cs291A.com,470
user471@cs291A.com,471
user472@cs291A.com,472
user473@cs291A.com,473
user474@cs291A.com,474
user475@cs291A.com,475
user476@cs291A.com,476
user477@cs291A.com,477
user478@cs291A.com,478
user479@cs291A.com,479
user480@cs291A.com,480
user481@cs291A.com,481
user482@cs291A.com,482
user483@cs291A.com,483
user484@cs291A.com,484
user485@cs291A.com,485
user486@cs291A.com,486
user487@cs291A.com,487
user488@cs291A.com,488
user489@cs291A.com,489
user490@cs291A.com,490
user491@cs291A.com,491
user492@cs291A.com,492
user493@cs291A.com,493
user494@cs291A.com,494
user495@cs291A.com,495
user496@cs291A.com,496
user497@cs291A.com,497
user498@cs291A.com,498
user499@cs291A.com,499
user500@cs291A.com,500
user501@cs291A.com,501
user502@cs291A.com,502
user503@cs291A.com,503
user504@cs291A.com,504
user505@cs291A.com,505
user506@cs291A.com,506
user507@cs291A.com,507
user508@cs291A.com,508
user509@cs291A.com,509
user510@cs291A.com,510
user511@cs291A.com,511
user512@cs291A.com,512
user513@cs291A.com,513
user514@cs291A.com,514
user515@cs291A.com,515
user516@cs291A.com,516
user517@cs291A.com,517
user518@cs291A.com,518
user519@cs291A.com,519
user520@cs291A.com,520
user521@cs291A.com,521
user522@cs291A.com,522
user523@cs291A.com,523
user524@cs291A.com,524
user525@cs291A.com,525
user526@cs291A.com,526
user527@cs291A.com,527
user528@cs291A.com,528
user529@cs291A.com,529
user530@cs291A.com,530
user531@cs291A.com,531
user532@cs291A.com,532
user533@cs291A.com,533
user534@cs291A.com,534
user535@cs291A.com,535
user536@cs291A.com,536
user537@cs291A.com,537
user538@cs291A.com,538
user539@cs291A.com,539
user540@cs291A.com,540
user541@cs291A.com,541
user542@cs291A.com,542
user543@cs291A.com,543
user544@cs291A.com,544
user545@cs291A.com,545
user546@cs291A.com,546
user547@cs291A.com,547
user548@cs291A.com,548
user549@cs291A.com,549
user550@cs291A.com,550
user551@cs291A.com,551
user552@cs291A.com,552
user553@cs291A.com,553
user554@cs291A.com,554
user555@cs291A.com,555
user556@cs291A.com,556
user557@cs291A.com,557
user558@cs291A.com,558
user559@cs291A.com,559
user560@cs291A.com,560
user561@cs291A.com,561
user562@cs291A.com,562
user563@cs291A.com,563
user564@cs291A.com,564
user565@cs291A.com,565
user566@cs291A.com,566
user567@cs291A.com,567
user568@cs291A.com,568
user569@cs291A.com,569
user570@cs291A.com,570
user571@cs291A.com,571
user572@cs291A.com,572
user573@cs291A.com,573
user574@cs291A.com,574
user575@cs291A.com,575
user576@cs291A.com,576
user577@cs291A.com,577
user578@cs291A.com,578
user579@cs291A.com,579
user580@cs291A.com,580
user581@cs291A.com,581
user582@cs291A.com,582
user583@cs291A.com,583
user584@cs291A.com,584
user585@cs291A.com,585
user586@cs291A.com,586
user587@cs291A.com,587
user588@cs291A.com,588
user589@cs291A.com,589
user590@cs291A.com,590
user591@cs291A.com,591
user592@cs291A.com,592
user593@cs291A.com,593
user594@cs291A.com,594
user595@cs291A.com,595
user596@cs291A.com,596
user597@cs291A.com,597
user598@cs291A.com,598
user599@cs291A.com,599
user600@cs291A.com,600
user601@cs291A.com,601
user602@cs291A.com,602
user603@cs291A.com,603
user604@cs291A.com,604
user605@cs291A.com,605
user606@cs291A.com,606
user607@cs291A.com,607
user608@cs291A.com,608
user609@cs291A.com,609
user610@cs291A.com,610
user611@cs291A.com,611
user612@cs291A.com,612
user613@cs291A.com,613
user614@cs291A.com,614
user615@cs291A.com,615
user616@cs291A.com,616
user617@cs291A.com,617
user618@cs291A.com,618
user619@cs291A.com,619
user620@cs291A.com,620
user621@cs291A.com,621
user622@cs291A.com,622
user623@cs291A.com,623
user624@cs291A.com,624
user625@cs291A.com,625
user626@cs291A.com,626
user627@cs291A.com,627
user628@cs291A.com,628
user629@cs291A.com,629
user630@cs291A.com,630
user631@cs291A.com,631
user632@cs291A.com,632
user633@cs291A.com,633
user634@cs291A.com,634
user635@cs291A.com,635
user636@cs291A.com,636
user637@cs291A.com,637
user638@cs291A.com,638
user639@cs291A.com,639
user640@cs291A.com,640
user641@cs291A.com,641
user642@cs291A.com,642
user643@cs291A.com,643
user644@cs291A.com,644
user645@cs291A.com,645
user646@cs291A.com,646
user647@cs291A.com,647
user648@cs291A.com,648
user649@cs291A.com,649
user650@cs291A.com,650
user651@cs291A.com,651
user652@cs291A.com,652
user653@cs291A.com,653
user654@cs291A.com,654
user655@cs291A.com,655
user656@cs291A.com,656
user657@cs291A.com,657
user658@cs291A.com,658
user659@cs291A.com,659
user660@cs291A.com,660
user661@cs291A.com,661
user662@cs291A.com,662
user663@cs291A.com,663
user664@cs291A.com,664
user665@cs291A.com,665
user666@cs291A.com,666
user667@cs291A.com,667
user668@cs291A.com,668
user669@cs291A.com,669
user670@cs291A.com,670
user671@cs291A.com,671
user672@cs291A.com,672
user673@cs291A.com,673
user674@cs291A.com,674
user675@cs291A.com,675
user676@cs291A.com,676
user677@cs291A.com,677
user678@cs291A.com,678
user679@cs291A.com,679
user680@cs291A.com,680
user681@cs291A.com,681
user682@cs291A.com,682
user683@cs291A.com,683
user684@cs291A.com,684
user685@cs291A.com,685
user686@cs291A.com,686
user687@cs291A.com,687
user688@cs291A.com,688
user689@cs291A.com,689
user690@cs291A.com,690
user691@cs291A.com,691
user692@cs291A.com,692
user693@cs291A.com,693
user694@cs291A.com,694
user695@cs291A.com,695
user696@cs291A.com,696
user697@cs291A.com,697
user698@cs291A.com,698
user699@cs291A.com,699
user700@cs291A.com,700
user701@cs291A.com,701
user702@cs291A.com,702
user703@cs291A.com,703
user704@cs291A.com,704
user705@cs291A.com,705
user706@cs291A.com,706
user707@cs291A.com,707
user708@cs291A.com,708
user709@cs291A.com,709
user710@cs291A.com,710
user711@cs291A.com,711
user712@cs291A.com,712
user713@cs291A.com,713
user714@cs291A.com,714
user715@cs291A.com,715
user716@cs291A.com,716
user717@cs291A.com,717
user718@cs291A.com,718
user719@cs291A.com,719
user720@cs291A.com,720
user721@cs291A.com,721
user722@cs291A.com,722
user723@cs291A.com,723
user724@cs291A.com,724
user725@cs291A.com,725
user726@cs291A.com,726
user727@cs291A.com,727
user728@cs291A.com,728
user729@cs291A.com,729
user730@cs291A.com,730
user731@cs291A.com,731
user732@cs291A.com,732
user733@cs291A.com,733
user734@cs291A.com,734
user735@cs291A.com,735
user736@cs291A.com,736
user737@cs291A.com,737
user738@cs291A.com,738
user739@cs291A.com,739
user740@cs291A.com,740
user741@cs291A.com,741
user742@cs291A.com,742
user743@cs291A.com,743
user744@cs291A.com,744
user745@cs291A.com,745
user746@cs291A.com,746
user747@cs291A.com,747
user748@cs291A.com,748
user749@cs291A.com,749
user750@cs291A.com,750
user751@cs291A.com,751
user752@cs291A.com,752
user753@cs291A.com,753
user754@cs291A.com,754
user755@cs291A.com,755
user756@cs291A.com,756
user757@cs291A.com,757
user758@cs291A.com,758
user759@cs291A.com,759
user760@cs291A.com,760
user761@cs291A.com,761
user762@cs291A.com,762
user763@cs291A.com,763
user764@cs291A.com,764
user765@cs291A.com,765
user766@cs291A.com,766
user767@cs291A.com,767
user768@cs291A.com,768
user769@cs291A.com,769
user770@cs291A.com,770
user771@cs291A.com,771
user772@cs291A.com,772
user773@cs291A.com,773
user774@cs291A.com,774
user775@cs291A.com,775
user776@cs291A.com,776
user777@cs291A.com,777
user778@cs291A.com,778
user779@cs291A.com,779
user780@cs291A.com,780
user781@cs291A.com,781
user782@cs291A.com,782
user783@cs291A.com,783
user784@cs291A.com,784
user785@cs291A.com,785
user786@cs291A.com,786
user787@cs291A.com,787
user788@cs291A.com,788
user789@cs291A.com,789
user790@cs291A.com,790
user791@cs291A.com,791
user792@cs291A.com,792
user793@cs291A.com,793
user794@cs291A.com,794
user795@cs291A.com,795
user796@cs291A.com,796
user797@cs291A.com,797
user798@cs291A.com,798
user799@cs291A.com,799
user800@cs291A.com,800
user801@cs291A.com,801
user802@cs291A.com,802
user803@cs291A.com,803
user804@cs291A.com,804
user805@cs291A.com,805
user806@cs291A.com,806
user807@cs291A.com,807
user808@cs291A.com,808
user809@cs291A.com,809
user810@cs291A.com,810
user811@cs291A.com,811
user812@cs291A.com,812
user813@cs291A.com,813
user814@cs291A.com,814
user815@cs291A.com,815
user816@cs291A.com,816
user817@cs291A.com,817
user818@cs291A.com,818
user819@cs291A.com,819
user820@cs291A.com,820
user821@cs291A.com,821
user822@cs291A.com,822
user823@cs291A.com,823
user824@cs291A.com,824
user825@cs291A.com,825
user826@cs291A.com,826
user827@cs291A.com,827
user828@cs291A.com,828
user829@cs291A.com,829
user830@cs291A.com,830
user831@cs291A.com,831
user832@cs291A.com,832
user833@cs291A.com,833
user834@cs291A.com,834
user835@cs291A.com,835
user836@cs291A.com,836
user837@cs291A.com,837
user838@cs291A.com,838
user839@cs291A.com,839
user840@cs291A.com,840
user841@cs291A.com,841
user842@cs291A.com,842
user843@cs291A.com,843
user844@cs291A.com,844
user845@cs291A.com,845
user846@cs291A.com,846
user847@cs291A.com,847
user848@cs291A.com,848
user849@cs291A.com,849
user850@cs291A.com,850
user851@cs291A.com,851
user852@cs291A.com,852
user853@cs291A.com,853
user854@cs291A.com,854
user855@cs291A.com,855
user856@cs291A.com,856
user857@cs291A.com,857
user858@cs291A.com,858
user859@cs291A.com,859
user860@cs291A.com,860
user861@cs291A.com,861
user862@cs291A.com,862
user863@cs291A.com,863
user864@cs291A.com,864
user865@cs291A.com,865
user866@cs291A.com,866
user867@cs291A.com,867
user868@cs291A.com,868
user869@cs291A.com,869
user870@cs291A.com,870
user871@cs291A.com,871
user872@cs291A.com,872
user873@cs291A.com,873
user874@cs291A.com,874
user875@cs291A.com,875
user876@cs291A.com,876
user877@cs291A.com,877
user878@cs291A.com,878
user879@cs291A.com,879
user880@cs291A.com,880
user881@cs291A.com,881
user882@cs291A.com,882
user883@cs291A.com,883
user884@cs291A.com,884
user885@cs291A.com,885
user886@cs291A.com,886
user887@cs291A.com,887
user888@cs291A.com,888
user889@cs291A.com,889
user890@cs291A.com,890
user891@cs291A.com,891
user892@cs291A.com,892
user893@cs291A.com,893
user894@cs291A.com,894
user895@cs291A.com,895
user896@cs291A.com,896
user897@cs291A.com,897
user898@cs291A.com,898
user899@cs291A.com,899
user900@cs291A.com,900
user901@cs291A.com,901
user902@cs291A.com,902
user903@cs291A.com,903
user904@cs291A.com,904
user905@cs291A.com,905
user906@cs291A.com,906
user907@cs291A.com,907
user908@cs291A.com,908
user909@cs291A.com,909
user910@cs291A.com,910
user911@cs291A.com,911
user912@cs291A.com,912
user913@cs291A.com,913
user914@cs291A.com,914
user915@cs291A.com,915
user916@cs291A.com,916
user917@cs291A.com,917
user918@cs291A.com,918
user919@cs291A.com,919
user920@cs291A.com,920
user921@cs291A.com,921
user922@cs291A.com,922
user923@cs291A.com,923
user924@cs291A.com,924
user925@cs291A.com,925
user926@cs291A.com,926
user927@cs291A.com,927
user928@cs291A.com,928
user929@cs291A.com,929
user930@cs291A.com,930
user931@cs291A.com,931
user932@cs291A.com,932
user933@cs291A.com,933
user934@cs291A.com,934
user935@cs291A.com,935
user936@cs291A.com,936
user937@cs291A.com,937
user938@cs291A.com,938
user939@cs291A.com,939
user940@cs291A.com,940
user941@cs291A.com,941
user942@cs291A.com,942
user943@cs291A.com,943
user944@cs291A.com,944
user945@cs291A.com,945
user946@cs291A.com,946
user947@cs291A.com,947
user948@cs291A.com,948
user949@cs291A.com,949
user950@cs291A.com,950
user951@cs291A.com,951
user952@cs291A.com,952
user953@cs291A.com,953
user954@cs291A.com,954
user955@cs291A.com,955
user956@cs291A.com,956
user957@cs291A.com,957
user958@cs291A.com,958
user959@cs291A.com,959
user960@cs291A.com,960
user961@cs291A.com,961
user962@cs291A.com,962
user963@cs291A.com,963
user964@cs291A.com,964
user965@cs291A.com,965
user966@cs291A.com,966
user967@cs291A.com,967
user968@cs291A.com,968
user969@cs291A.com,969
user970@cs291A.com,970
user971@cs291A.com,971
user972@cs291A.com,972
user973@cs291A.com,973
user974@cs291A.com,974
user975@cs291A.com,975
user976@cs291A.com,976
user977@cs291A.com,977
user978@cs291A.com,978
user979@cs291A.com,979
user980@cs291A.com,980
user981@cs291A.com,981
user982@cs291A.com,982
user983@cs291A.com,983
user984@cs291A.com,984
user985@cs291A.com,985
user986@cs291A.com,986
user987@cs291A.com,987
user988@cs291A.com,988
user989@cs291A.com,989
user990@cs291A.com,990
user991@cs291A.com,991
user992@cs291A.com,992
user993@cs291A.com,993
user994@cs291A.com,994
user995@cs291A.com,995
user996@cs291A.com,996
user997@cs291A.com,997
user998@cs291A.com,998
user999@cs291A.com,999
user1000@cs291A.com,1000
user1001@cs291A.com,1001
user1002@cs291A.com,1002
user1003@cs291A.com,1003
user1004@cs291A.com,1004
user1005@cs291A.com,1005
user1006@cs291A.com,1006
user1007@cs291A.com,1007
user1008@cs291A.com,1008
user1009@cs291A.com,1009
user1010@cs291A.com,1010
user1011@cs291A.com,1011
user1012@cs291A.com,1012
user1013@cs291A.com,1013
user1014@cs291A.com,1014
user1015@cs291A.com,1015
user1016@cs291A.com,1016
user1017@cs291A.com,1017
user1018@cs291A.com,1018
user1019@cs291A.com,1019
user1020@cs291A.com,1020
user1021@cs291A.com,1021
user1022@cs291A.com,1022
user1023@cs291A.com,1023
user1024@cs291A.com,1024
user1025@cs291A.com,1025
user1026@cs291A.com,1026
user1027@cs291A.com,1027
user1028@cs291A.com,1028
user1029@cs291A.com,1029
user1030@cs291A.com,1030
user1031@cs291A.com,1031
user1032@cs291A.com,1032
user1033@cs291A.com,1033
user1034@cs291A.com,1034
user1035@cs291A.com,1035
user1036@cs291A.com,1036
user1037@cs291A.com,1037
user1038@cs291A.com,1038
user1039@cs291A.com,1039
user1040@cs291A.com,1040
user1041@cs291A.com,1041
user1042@cs291A.com,1042
user1043@cs291A.com,1043
user1044@cs291A.com,1044
user1045@cs291A.com,1045
user1046@cs291A.com,1046
user1047@cs291A.com,1047
user1048@cs291A.com,1048
user1049@cs291A.com,1049
user1050@cs291A.com,1050
user1051@cs291A.com,1051
user1052@cs291A.com,1052
user1053@cs291A.com,1053
user1054@cs291A.com,1054
user1055@cs291A.com,1055
user1056@cs291A.com,1056
user1057@cs291A.com,1057
user1058@cs291A.com,1058
user1059@cs291A.com,1059
user1060@cs291A.com,1060
user1061@cs291A.com,1061
user1062@cs291A.com,1062
user1063@cs291A.com,1063
user1064@cs291A.com,1064
user1065@cs291A.com,1065
user1066@cs291A.com,1066
user1067@cs291A.com,1067
user1068@cs291A.com,1068
user1069@cs291A.com,1069
user1070@cs291A.com,1070
user1071@cs291A.com,1071
user1072@cs291A.com,1072
user1073@cs291A.com,1073
user1074@cs291A.com,1074
user1075@cs291A.com,1075
user1076@cs291A.com,1076
user1077@cs291A.com,1077
user1078@cs291A.com,1078
user1079@cs291A.com,1079
user1080@cs291A.com,1080
user1081@cs291A.com,1081
user1082@cs291A.com,1082
user1083@cs291A.com,1083
user1084@cs291A.com,1084
user1085@cs291A.com,1085
user1086@cs291A.com,1086
user1087@cs291A.com,1087
user1088@cs291A.com,1088
user1089@cs291A.com,1089
user1090@cs291A.com,1090
user1091@cs291A.com,1091
user1092@cs291A.com,1092
user1093@cs291A.com,1093
user1094@cs291A.com,1094
user1095@cs291A.com,1095
user1096@cs291A.com,1096
user1097@cs291A.com,1097
user1098@cs291A.com,1098
user1099@cs291A.com,1099
user1100@cs291A.com,1100
user1101@cs291A.com,1101
user1102@cs291A.com,1102
user1103@cs291A.com,1103
user1104@cs291A.com,1104
user1105@cs291A.com,1105
user1106@cs291A.com,1106
user1107@cs291A.com,1107
user1108@cs291A.com,1108
user1109@cs291A.com,1109
user1110@cs291A.com,1110
user1111@cs291A.com,1111
user1112@cs291A.com,1112
user1113@cs291A.com,1113
user1114@cs291A.com,1114
user1115@cs291A.com,1115
user1116@cs291A.com,1116
user1117@cs291A.com,1117
user1118@cs291A.com,1118
user1119@cs291A.com,1119
user1120@cs291A.com,1120
user1121@cs291A.com,1121
user1122@cs291A.com,1122
user1123@cs291A.com,1123
user1124@cs291A.com,1124
user1125@cs291A.com,1125
user1126@cs291A.com,1126
user1127@cs291A.com,1127
user1128@cs291A.com,1128
user1129@cs291A.com,1129
user1130@cs291A.com,1130
user1131@cs291A.com,1131
user1132@cs291A.com,1132
user1133@cs291A.com,1133
user1134@cs291A.com,1134
user1135@cs291A.com,1135
user1136@cs291A.com,1136
user1137@cs291A.com,1137
user1138@cs291A.com,1138
user1139@cs291A.com,1139
user1140@cs291A.com,1140
user1141@cs291A.com,1141
user1142@cs291A.com,1142
user1143@cs291A.com,1143
user1144@cs291A.com,1144
user1145@cs291A.com,1145
user1146@cs291A.com,1146
user1147@cs291A.com,1147
user1148@cs291A.com,1148
user1149@cs291A.com,1149
user1150@cs291A.com,1150
user1151@cs291A.com,1151
user1152@cs291A.com,1152
user1153@cs291A.com,1153
user1154@cs291A.com,1154
user1155@cs291A.com,1155
user1156@cs291A.com,1156
user1157@cs291A.com,1157
user1158@cs291A.com,1158
user1159@cs291A.com,1159
user1160@cs291A.com,1160
user1161@cs291A.com,1161
user1162@cs291A.com,1162
user1163@cs291A.com,1163
user1164@cs291A.com,1164
user1165@cs291A.com,1165
user1166@cs291A.com,1166
user1167@cs291A.com,1167
user1168@cs291A.com,1168
user1169@cs291A.com,1169
user1170@cs291A.com,1170
user1171@cs291A.com,1171
user1172@cs291A.com,1172
user1173@cs291A.com,1173
user1174@cs291A.com,1174
user1175@cs291A.com,1175
user1176@cs291A.com,1176
user1177@cs291A.com,1177
user1178@cs291A.com,1178
user1179@cs291A.com,1179
user1180@cs291A.com,1180
user1181@cs291A.com,1181
user1182@cs291A.com,1182
user1183@cs291A.com,1183
user1184@cs291A.com,1184
user1185@cs291A.com,1185
user1186@cs291A.com,1186
user1187@cs291A.com,1187
user1188@cs291A.com,1188
user1189@cs291A.com,1189
user1190@cs291A.com,1190
user1191@cs291A.com,1191
user1192@cs291A.com,1192
user1193@cs291A.com,1193
user1194@cs291A.com,1194
user1195@cs291A.com,1195
user1196@cs291A.com,1196
user1197@cs291A.com,1197
user1198@cs291A.com,1198
user1199@cs291A.com,1199
user1200@cs291A.com,1200
user1201@cs291A.com,1201
user1202@cs291A.com,1202
user1203@cs291A.com,1203
user1204@cs291A.com,1204
user1205@cs291A.com,1205
user1206@cs291A.com,1206
user1207@cs291A.com,1207
user1208@cs291A.com,1208
user1209@cs291A.com,1209
user1210@cs291A.com,1210
user1211@cs291A.com,1211
user1212@cs291A.com,1212
user1213@cs291A.com,1213
user1214@cs291A.com,1214
user1215@cs291A.com,1215
user1216@cs291A.com,1216
user1217@cs291A.com,1217
user1218@cs291A.com,1218
user1219@cs291A.com,1219
user1220@cs291A.com,1220
user1221@cs291A.com,1221
user1222@cs291A.com,1222
user1223@cs291A.com,1223
user1224@cs291A.com,1224
user1225@cs291A.com,1225
user1226@cs291A.com,1226
user1227@cs291A.com,1227
user1228@cs291A.com,1228
user1229@cs291A.com,1229
user1230@cs291A.com,1230
user1231@cs291A.com,1231
user1232@cs291A.com,1232
user1233@cs291A.com,1233
user1234@cs291A.com,1234
user1235@cs291A.com,1235
user1236@cs291A.com,1236
user1237@cs291A.com,1237
user1238@cs291A.com,1238
user1239@cs291A.com,1239
user1240@cs291A.com,1240
user1241@cs291A.com,1241
user1242@cs291A.com,1242
user1243@cs291A.com,1243
user1244@cs291A.com,1244
user1245@cs291A.com,1245
user1246@cs291A.com,1246
user1247@cs291A.com,1247
user1248@cs291A.com,1248
user1249@cs291A.com,1249
user1250@cs291A.com,1250
user1251@cs291A.com,1251
user1252@cs291A.com,1252
user1253@cs291A.com,1253
user1254@cs291A.com,1254
user1255@cs291A.com,1255
user1256@cs291A.com,1256
user1257@cs291A.com,1257
user1258@cs291A.com,1258
user1259@cs291A.com,1259
user1260@cs291A.com,1260
user1261@cs291A.com,1261
user1262@cs291A.com,1262
user1263@cs291A.com,1263
user1264@cs291A.com,1264
user1265@cs291A.com,1265
user1266@cs291A.com,1266
user1267@cs291A.com,1267
user1268@cs291A.com,1268
user1269@cs291A.com,1269
user1270@cs291A.com,1270
user1271@cs291A.com,1271
user1272@cs291A.com,1272
user1273@cs291A.com,1273
user1274@cs291A.com,1274
user1275@cs291A.com,1275
user1276@cs291A.com,1276
user1277@cs291A.com,1277
user1278@cs291A.com,1278
user1279@cs291A.com,1279
user1280@cs291A.com,1280
user1281@cs291A.com,1281
user1282@cs291A.com,1282
user1283@cs291A.com,1283
user1284@cs291A.com,1284
user1285@cs291A.com,1285
user1286@cs291A.com,1286
user1287@cs291A.com,1287
user1288@cs291A.com,1288
user1289@cs291A.com,1289
user1290@cs291A.com,1290
user1291@cs291A.com,1291
user1292@cs291A.com,1292
user1293@cs291A.com,1293
user1294@cs291A.com,1294
user1295@cs291A.com,1295
user1296@cs291A.com,1296
user1297@cs291A.com,1297
user1298@cs291A.com,1298
user1299@cs291A.com,1299
user1300@cs291A.com,1300
user1301@cs291A.com,1301
user1302@cs291A.com,1302
user1303@cs291A.com,1303
user1304@cs291A.com,1304
user1305@cs291A.com,1305
user1306@cs291A.com,1306
user1307@cs291A.com,1307
user1308@cs291A.com,1308
user1309@cs291A.com,1309
user1310@cs291A.com,1310
user1311@cs291A.com,1311
user1312@cs291A.com,1312
user1313@cs291A.com,1313
user1314@cs291A.com,1314
user1315@cs291A.com,1315
user1316@cs291A.com,1316
user1317@cs291A.com,1317
user1318@cs291A.com,1318
user1319@cs291A.com,1319
user1320@cs291A.com,1320
user1321@cs291A.com,1321
user1322@cs291A.com,1322
user1323@cs291A.com,1323
user1324@cs291A.com,1324
user1325@cs291A.com,1325
user1326@cs291A.com,1326
user1327@cs291A.com,1327
user1328@cs291A.com,1328
user1329@cs291A.com,1329
user1330@cs291A.com,1330
user1331@cs291A.com,1331
user1332@cs291A.com,1332
user1333@cs291A.com,1333
user1334@cs291A.com,1334
user1335@cs291A.com,1335
user1336@cs291A.com,1336
user1337@cs291A.com,1337
user1338@cs291A.com,1338
user1339@cs291A.com,1339
user1340@cs291A.com,1340
user1341@cs291A.com,1341
user1342@cs291A.com,1342
user1343@cs291A.com,1343
user1344@cs291A.com,1344
user1345@cs291A.com,1345
user1346@cs291A.com,1346
user1347@cs291A.com,1347
user1348@cs291A.com,1348
user1349@cs291A.com,1349
user1350@cs291A.com,1350
user1351@cs291A.com,1351
user1352@cs291A.com,1352
user1353@cs291A.com,1353
user1354@cs291A.com,1354
user1355@cs291A.com,1355
user1356@cs291A.com,1356
user1357@cs291A.com,1357
user1358@cs291A.com,1358
user1359@cs291A.com,1359
user1360@cs291A.com,1360
user1361@cs291A.com,1361
user1362@cs291A.com,1362
user1363@cs291A.com,1363
user1364@cs291A.com,1364
user1365@cs291A.com,1365
user1366@cs291A.com,1366
user1367@cs291A.com,1367
user1368@cs291A.com,1368
user1369@cs291A.com,1369
user1370@cs291A.com,1370
user1371@cs291A.com,1371
user1372@cs291A.com,1372
user1373@cs291A.com,1373
user1374@cs291A.com,1374
user1375@cs291A.com,1375
user1376@cs291A.com,1376
user1377@cs291A.com,1377
user1378@cs291A.com,1378
user1379@cs291A.com,1379
user1380@cs291A.com,1380
user1381@cs291A.com,1381
user1382@cs291A.com,1382
user1383@cs291A.com,1383
user1384@cs291A.com,1384
user1385@cs291A.com,1385
user1386@cs291A.com,1386
user1387@cs291A.com,1387
user1388@cs291A.com,1388
user1389@cs291A.com,1389
user1390@cs291A.com,1390
user1391@cs291A.com,1391
user1392@cs291A.com,1392
user1393@cs291A.com,1393
user1394@cs291A.com,1394
user1395@cs291A.com,1395
user1396@cs291A.com,1396
user1397@cs291A.com,1397
user1398@cs291A.com,1398
user1399@cs291A.com,1399
user1400@cs291A.com,1400
user1401@cs291A.com,1401
user1402@cs291A.com,1402
user1403@cs291A.com,1403
user1404@cs291A.com,1404
user1405@cs291A.com,1405
user1406@cs291A.com,1406
user1407@cs291A.com,1407
user1408@cs291A.com,1408
user1409@cs291A.com,1409
user1410@cs291A.com,1410
user1411@cs291A.com,1411
user1412@cs291A.com,1412
user1413@cs291A.com,1413
user1414@cs291A.com,1414
user1415@cs291A.com,1415
user1416@cs291A.com,1416
user1417@cs291A.com,1417
user1418@cs291A.com,1418
user1419@cs291A.com,1419
user1420@cs291A.com,1420
user1421@cs291A.com,1421
user1422@cs291A.com,1422
user1423@cs291A.com,1423
user1424@cs291A.com,1424
user1425@cs291A.com,1425
user1426@cs291A.com,1426
user1427@cs291A.com,1427
user1428@cs291A.com,1428
user1429@cs291A.com,1429
user1430@cs291A.com,1430
user1431@cs291A.com,1431
user1432@cs291A.com,1432
user1433@cs291A.com,1433
user1434@cs291A.com,1434
user1435@cs291A.com,1435
user1436@cs291A.com,1436
user1437@cs291A.com,1437
user1438@cs291A.com,1438
user1439@cs291A.com,1439
user1440@cs291A.com,1440
user1441@cs291A.com,1441
user1442@cs291A.com,1442
user1443@cs291A.com,1443
user1444@cs291A.com,1444
user1445@cs291A.com,1445
user1446@cs291A.com,1446
user1447@cs291A.com,1447
user1448@cs291A.com,1448
user1449@cs291A.com,1449
user1450@cs291A.com,1450
user1451@cs291A.com,1451
user1452@cs291A.com,1452
user1453@cs291A.com,1453
user1454@cs291A.com,1454
user1455@cs291A.com,1455
user1456@cs291A.com,1456
user1457@cs291A.com,1457
user1458@cs291A.com,1458
user1459@cs291A.com,1459
user1460@cs291A.com,1460
user1461@cs291A.com,1461
user1462@cs291A.com,1462
user1463@cs291A.com,1463
user1464@cs291A.com,1464
user1465@cs291A.com,1465
user1466@cs291A.com,1466
user1467@cs291A.com,1467
user1468@cs291A.com,1468
user1469@cs291A.com,1469
user1470@cs291A.com,1470
user1471@cs291A.com,1471
user1472@cs291A.com,1472
user1473@cs291A.com,1473
user1474@cs291A.com,1474
user1475@cs291A.com,1475
user1476@cs291A.com,1476
user1477@cs291A.com,1477
user1478@cs291A.com,1478
user1479@cs291A.com,1479
user1480@cs291A.com,1480
user1481@cs291A.com,1481
user1482@cs291A.com,1482
user1483@cs291A.com,1483
user1484@cs291A.com,1484
user1485@cs291A.com,1485
user1486@cs291A.com,1486
user1487@cs291A.com,1487
user1488@cs291A.com,1488
user1489@cs291A.com,1489
user1490@cs291A.com,1490
user1491@cs291A.com,1491
user1492@cs291A.com,1492
user1493@cs291A.com,1493
user1494@cs291A.com,1494
user1495@cs291A.com,1495
user1496@cs291A.com,1496
user1497@cs291A.com,1497
user1498@cs291A.com,1498
user1499@cs291A.com,1499
user1500@cs291A.com,1500
